Family,Subfamily,Tribe,Genus,Species,Subspecies,Accession#,Country
Pieridae,,,Phoebis,neocypris,rurina,09-SRNP-35485,Costa Rica
Pieridae,Coliadinae,,Aphrissa,statira,,07-SRNP-14147,Costa Rica
Pieridae,Coliadinae,,Aphrissa,statira,,07-SRNP-14195,Costa Rica
Pieridae,Coliadinae,,Colias,erate,,SWC-09-5010,Korea
Pieridae,Coliadinae,,Colias,eurytheme,,AV-91-ceur,U.S.A.
Pieridae,Coliadinae,,Colias,eurytheme,,AV-91-0005A,U.S.A.
Pieridae,Coliadinae,,Colias,eurytheme,,JCS-13-001,U.S.A.
Pieridae,Coliadinae,,Eurema,albula,,06-srnp-03662,Costa Rica
Pieridae,Coliadinae,,Eurema,albula,,06-SRNP-2487,Costa Rica
Pieridae,Coliadinae,,Eurema,arbela,boisduvaliana,06-SRNP-47128,Costa Rica
Pieridae,Coliadinae,,Eurema,arbela,boisduvaliana,06-SRNP-47135,Costa Rica
Pieridae,Coliadinae,,Eurema,daira,,AV-91-0017,U.S.A.
Pieridae,Coliadinae,,Eurema,daira,,AV-91-0018,U.S.A.
Pieridae,Coliadinae,,Eurema,daira,,AV-91-0019,U.S.A.
Pieridae,Coliadinae,,Eurema,daira,,AV-91-0020,U.S.A.
Pieridae,Coliadinae,,Eurema,daira,,AV-91-0021,U.S.A.
Pieridae,Coliadinae,,Eurema,daira,,AV-91-0022,U.S.A.
Pieridae,Coliadinae,,Eurema,daira,,AV-91-0023,U.S.A.
Pieridae,Coliadinae,,Eurema,daira,,AV-91-0024,U.S.A.
Pieridae,Coliadinae,,Eurema,daira,,AV-91-0025,U.S.A.
Pieridae,Coliadinae,,Eurema,daira,,AV-91-0026,U.S.A.
Pieridae,Coliadinae,,Eurema,daira,,AV-91-0027,U.S.A.
Pieridae,Coliadinae,,Eurema,daira,,AV-91-0028,U.S.A.
Pieridae,Coliadinae,,Eurema,daira,,AV-91-0029,U.S.A.
Pieridae,Coliadinae,,Eurema,dina,,07-SRNP-21356,Costa Rica
Pieridae,Coliadinae,,Eurema,lisa,,AV-91-0001,U.S.A.
Pieridae,Coliadinae,,Eurema,lisa,,AV-91-0002,U.S.A.
Pieridae,Coliadinae,,Eurema,lisa,,AV-91-0003,U.S.A.
Pieridae,Coliadinae,,Eurema,lisa,,AV-91-0004,U.S.A.
Pieridae,Coliadinae,,Eurema,lisa,,AV-91-0013,U.S.A.
Pieridae,Coliadinae,,Eurema,lisa,,AV-91-0030,U.S.A.
Pieridae,Coliadinae,,Eurema,lisa,,AV-91-0031,U.S.A.
Pieridae,Coliadinae,,Eurema,lisa,,AV-91-0032,U.S.A.
Pieridae,Coliadinae,,Eurema,lisa,,AV-91-0033,U.S.A.
Pieridae,Coliadinae,,Eurema,lisa,,AV-91-0034,U.S.A.
Pieridae,Coliadinae,,Eurema,lisa,,AV-91-0036,U.S.A.
Pieridae,Coliadinae,,Eurema,lisa,,AV-91-0037,U.S.A.
Pieridae,Coliadinae,,Eurema,lisa,,AV-91-0038,U.S.A.
Pieridae,Coliadinae,,Eurema,lisa,,AV-91-0138,U.S.A.
Pieridae,Coliadinae,,Eurema,lisa,,AV-91-0139,U.S.A.
Pieridae,Coliadinae,,Eurema,lisa,,AV-91-0140,U.S.A.
Pieridae,Coliadinae,,Eurema,lisa,,AV-91-0141,U.S.A.
Pieridae,Coliadinae,,Eurema,nicippe,,AV-91-0035,U.S.A.
Pieridae,Coliadinae,,Eurema,nicippe,,AV-91-0104,U.S.A.
Pieridae,Coliadinae,,Eurema,nicippe,,AV-91-0105,U.S.A.
Pieridae,Coliadinae,,Eurema,nicippe,,AV-91-0106,U.S.A.
Pieridae,Coliadinae,,Eurema,nicippe,,AV-91-0107,U.S.A.
Pieridae,Coliadinae,,Eurema,nicippe,,AV-91-0108,U.S.A.
Pieridae,Coliadinae,,Eurema,nicippe,,AV-91-0110,U.S.A.
Pieridae,Coliadinae,,Eurema,nicippe,,AV-91-0111,U.S.A.
Pieridae,Coliadinae,,Eurema,nicippe,,AV-91-0117,U.S.A.
Pieridae,Coliadinae,,Eurema,xantochlora,,06-SRNP-36402,Costa Rica
Pieridae,Coliadinae,,Eurema,xantochlora,,06-SRNP-36413,Costa Rica
Pieridae,Coliadinae,,Eurema ,albula,,05-srnp-05834,Costa Rica
Pieridae,Coliadinae,,Eurema ,albula,,05-srnp-24172,Costa Rica
Pieridae,Coliadinae,,Eurema ,albula,,08-SRNP-6511,Costa Rica
Pieridae,Coliadinae,,Eurema ,arbela,boisduvaliana,05-srnp-62336,Costa Rica
Pieridae,Coliadinae,,Eurema ,xantochlora,,05-srnp-62328,Costa Rica
Pieridae,Coliadinae,,Gonepteryx,mahaguru,aspasia,SWC-09-5009,Korea
Pieridae,Coliadinae,,Kricogonia,lyside,,SW-07-0014,U.S.A.
Pieridae,Coliadinae,,Kricogonia,lyside,,SW-07-0015,U.S.A.
Pieridae,Coliadinae,,Kricogonia,lyside,,SW-07-0016,U.S.A.
Pieridae,Coliadinae,,Kricogonia,lyside,,SW-07-0019,U.S.A.
Pieridae,Coliadinae,,Kricogonia,lyside,,SW-07-0020,U.S.A.
Pieridae,Coliadinae,,Kricogonia,lyside,,SW-07-0021,U.S.A.
Pieridae,Coliadinae,,Kricogonia,lyside,,SW-07-0022,U.S.A.
Pieridae,Coliadinae,,Kricogonia,lyside,,SW-07-0023,U.S.A.
Pieridae,Coliadinae,,Kricogonia,lyside,,SW-07-0026,U.S.A.
Pieridae,Coliadinae,,Nathalis,iole,,SW-07-0005,U.S.A.
Pieridae,Coliadinae,,Nathalis,iole,,SW-07-0006,U.S.A.
Pieridae,Coliadinae,,Nathalis,iole,,SW-07-0007,U.S.A.
Pieridae,Coliadinae,,Nathalis,iole,,SW-07-0024,U.S.A.
Pieridae,Coliadinae,,Nathalis,iole,,SW-07-0025,U.S.A.
Pieridae,Coliadinae,,Nathalis,iole,,SW-07-0028,U.S.A.
Pieridae,Coliadinae,,Nathalis,iole,,SW-07-0029,U.S.A.
Pieridae,Coliadinae,,Nathalis,iole,,SW-07-0030,U.S.A.
Pieridae,Coliadinae,,Nathalis,iole,,SW-07-0031,U.S.A.
Pieridae,Coliadinae,,Nathalis,iole,,SW-07-0032,U.S.A.
Pieridae,Coliadinae,,Nathalis,iole,,SW-07-0033,U.S.A.
Pieridae,Coliadinae,,Nathalis,iole,,SW-07-0034,U.S.A.
Pieridae,Coliadinae,,Phoebis,argante,,07-srnp-60595,Costa Rica
Pieridae,Coliadinae,,Phoebis,philea,,DHJ-02-2503,Costa Rica
Pieridae,Coliadinae,,Phoebis,philea,,06-SRNP-2363,Costa Rica
Pieridae,Coliadinae,,Phoebis,sennae,,AV-91-0005,U.S.A.
Pieridae,Coliadinae,,Phoebis,sennae,,AV-91-0006,U.S.A.
Pieridae,Coliadinae,,Phoebis,sennae,,AV-91-0007,U.S.A.
Pieridae,Coliadinae,,Phoebis,sennae,,AV-91-0008,U.S.A.
Pieridae,Coliadinae,,Phoebis,sennae,,AV-91-0009,U.S.A.
Pieridae,Coliadinae,,Phoebis,sennae,,AV-91-0010,U.S.A.
Pieridae,Coliadinae,,Phoebis,sennae,,AV-91-0011,U.S.A.
Pieridae,Coliadinae,,Phoebis,sennae,,AV-91-0012,U.S.A.
Pieridae,Coliadinae,,Phoebis,sennae,,AV-91-0014,U.S.A.
Pieridae,Coliadinae,,Phoebis,sennae,,AV-91-0118,U.S.A.
Pieridae,Coliadinae,,Phoebis,sennae,,AV-91-0119,U.S.A.
Pieridae,Coliadinae,,Phoebis,sennae,,AV-91-0120,U.S.A.
Pieridae,Coliadinae,,Phoebis,sennae,,AV-91-0121,U.S.A.
Pieridae,Coliadinae,,Phoebis,sennae,,AV-91-0122,U.S.A.
Pieridae,Coliadinae,,Phoebis,sennae,,AV-91-0123,U.S.A.
Pieridae,Coliadinae,,Phoebis,sennae,,AV-91-0124,U.S.A.
Pieridae,Coliadinae,,Phoebis,sennae,,AV-91-0125,U.S.A.
Pieridae,Coliadinae,,Phoebis,sennae,,AV-91-0126,U.S.A.
Pieridae,Coliadinae,,Phoebis,sennae,,AV-91-0127,U.S.A.
Pieridae,Coliadinae,,Phoebis,sennae,,AV-91-0128,U.S.A.
Pieridae,Coliadinae,,Phoebis,sennae,,AV-91-0129,U.S.A.
Pieridae,Coliadinae,,Phoebis,sennae,,AV-91-0130,U.S.A.
Pieridae,Coliadinae,,Phoebis ,argante,,09-SRNP-12116,Costa Rica
Pieridae,Coliadinae,,Phoebis ,argante,,08-SRNP-12215,Costa Rica
Pieridae,Coliadinae,,Phoebis ,philea,,05-srnp-65087,Costa Rica
Pieridae,Coliadinae,,Phoebis ,philea,,05-srnp-65095,Costa Rica
Pieridae,Coliadinae,,Phoebis ,philea,,09-SRNP-20185,Costa Rica
Pieridae,Coliadinae,,Phoebis ,sennae,,05-srnp-63763,Costa Rica
Pieridae,Coliadinae,,Eurema,dina,,05-srnp-63330,Costa Rica
Pieridae,Coliadinae,,Eurema,proterpia,,05-srnp-66124,Costa Rica
Pieridae,Coliadinae,,Zerene,cesonia,,07-SRNP-58862,Costa Rica
Pieridae,Coliadinae,,Zerene,cesonia,,06-SRNP-19566,Costa Rica
Pieridae,Dismorphiinae,,Dismorphia,amphione,,08-srnp-45001,Costa Rica
Pieridae,Dismorphiinae,,Dismorphia,theucharila,fortunata,07-SRNP-3583,Costa Rica
Pieridae,Dismorphiinae,,Dismorphia,theucharila,fortunata,07-SRNP-36748,Costa Rica
Pieridae,Dismorphiinae,,Dismorphia,theucharila,fortunata,07-SRNP-640,Costa Rica
Pieridae,Dismorphiinae,,Dismorphia,theucharila,fortunata,06-SRNP-1402,Costa Rica
Pieridae,Dismorphiinae,,Dismorphia,theucharila,fortunata,06-SRNP-1924,Costa Rica
Pieridae,Dismorphiinae,,Dismorphia,theucharila,fortunata,06-SRNP-2117,Costa Rica
Pieridae,Dismorphiinae,,Dismorphia,theucharila,fortunata,06-SRNP-3250,Costa Rica
Pieridae,Dismorphiinae,,Dismorphia,theucharila,fortunata,06-SRNP-3389,Costa Rica
Pieridae,Dismorphiinae,,Dismorphia,zathoe,pallidula,07-SRNP-36642,Costa Rica
Pieridae,Dismorphiinae,,Dismorphia,amphione,praxinoe,DHJ-02-2504,Costa Rica
Pieridae,Dismorphiinae,,Dismorphia,amphione,praxinoe,07-srnp-47430,Costa Rica
Pieridae,Dismorphiinae,,Dismorphia,amphione,praxinoe,06-SRNP-2073,Costa Rica
Pieridae,Dismorphiinae,,Dismorphia,amphione,praxinoe,06-SRNP-22531,Costa Rica
Pieridae,Dismorphiinae,,Dismorphia,amphione,praxinoe,06-SRNP-2354,Costa Rica
Pieridae,Dismorphiinae,,Dismorphia,amphione,praxinoe,06-SRNP-8424,Costa Rica
Pieridae,Dismorphiinae,,Dismorphia,amphione,praxinoe,06-SRNP-8428,Costa Rica
Pieridae,Dismorphiinae,,Dismorphia ,amphione,,05-srnp-05463,Costa Rica
Pieridae,Dismorphiinae,,Dismorphia ,amphione,,05-srnp-06074,Costa Rica
Pieridae,Dismorphiinae,,Dismorphia ,theucharila,,05-srnp-05985,Costa Rica
Pieridae,Pierinae,,Anthocharis,scolymus,,SWC-09-5011,Korea
Pieridae,Pierinae,,Melete ,lycimnia,isandra,08-SRNP-5859,Costa Rica
Pieridae,Pierinae,,Melete ,lycimnia,isandra,08-SRNP-5872,Costa Rica
Pieridae,Pierinae,,Pieris,canidia,,SWC-09-5013,Korea
Pieridae,Pierinae,,Pieris,melete,,SWC-09-5014,Korea
Pieridae,Pierinae,,Pieris,rapae,,SWC-09-5012,Korea
Pieridae,Pierinae,,Pontia,protodice,,SW-07-0027,U.S.A.
Pieridae,Pierinae,Anthocharidini,Anthocharis,midea,,AV-91-0143,U.S.A.
Pieridae,Pierinae,Anthocharidini,Anthocharis,midea,,AV-91-0143A,U.S.A.
Pieridae,Pierinae,Anthocharidini,Anthocharis,midea,,AV-91-0143B,U.S.A.
Pieridae,Pierinae,Anthocharidini,Hesperocharis,costaricensis,,KN-07-4054,Costa Rica
Pieridae,Pierinae,Pierini,Ascia,monuste,,AV-91-0131,U.S.A.
Pieridae,Pierinae,Pierini,Ascia,monuste,,AV-91-0132,U.S.A.
Pieridae,Pierinae,Pierini,Ascia,monuste,,AV-91-0133,U.S.A.
Pieridae,Pierinae,Pierini,Ascia,monuste,,AV-91-0134,U.S.A.
Pieridae,Pierinae,Pierini,Ascia,monuste,,AV-91-0135,U.S.A.
Pieridae,Pierinae,Pierini,Ascia,monuste,,AV-91-0136,U.S.A.
Pieridae,Pierinae,Pierini,Ascia,monuste,,AV-91-0137,U.S.A.
Pieridae,Pierinae,Pierini,Ganyra,josephina,,07-SRNP-15256,Costa Rica
Pieridae,Pierinae,Pierini,Ganyra,josephina  ,,08-SRNP-14673,Costa Rica
Pieridae,Pierinae,Pierini,Ganyra,josephina  ,,08-SRNP-14699,Costa Rica
Pieridae,Pierinae,Pierini,Ganyra,limona,,06-SRNP-47773,Costa Rica
Pieridae,Pierinae,Pierini,Melete ,lycimnia,isandra,05-srnp-61474,Costa Rica
Pieridae,Pierinae,Pierini,Pereute,charops,,kn-06-1126,Costa Rica
Pieridae,Pierinae,Pierini,Pieris,rapae,,AV-92-0005,U.S.A.
Pieridae,Pierinae,Pierini,Pieris,rapae,,AV-92-0006,U.S.A.
Pieridae,Pierinae,Pierini,Pieris,rapae,,AV-92-0014,U.S.A.
Pieridae,Pierinae,Pierini,Pieris ,rapae,,JWB-06-0001,U.S.A.
Pieridae,Pierinae,Pierini,Pontia,protodice,,SW-07-0009,U.S.A.
Pieridae,Pierinae,Pierini,Pontia,protodice,,SW-07-0010,U.S.A.
Pieridae,Pierinae,Pierini,Pontia,protodice,,SW-07-0011,U.S.A.
Pieridae,Pierinae,Pierini,Pontia,protodice,,SW-07-0012,U.S.A.
Pieridae,Pierinae,Pierini,Pontia,protodice,,SW-07-0013,U.S.A.
Pieridae,Pierinae,Pierini,Pontia,protodice,,SW-07-0036,U.S.A.
Pieridae,Pierinae,Pierini,Tatochila,mercedis,,AYK-04-0543-05,Chile
Pieridae,Pseudopontiinae,,Pseudopontia,australis,,AYK-07-9242,Congo
Pieridae,Pseudopontiinae,,Pseudopontia,australis,,AYK-07-9243,Congo
Pieridae,Pseudopontiinae,,Pseudopontia,australis,,AYK-07-9244,Congo
Pieridae,Pseudopontiinae,,Pseudopontia,australis,,AYK-07-9241,Congo
Pieridae,Pseudopontiinae,,Pseudopontia,australis,,AYK-07-9245,Congo
Pieridae,Pseudopontiinae,,Pseudopontia,australis,,AYK-07-9246,Congo
Pieridae,Pseudopontiinae,,Pseudopontia,australis,,AYK-07-9247,Congo
Pieridae,Pseudopontiinae,,Pseudopontia,australis,,AYK-07-9248,Congo
Pieridae,Pseudopontiinae,,Pseudopontia,australis,,GVW-09-13424,Gabon
Pieridae,Pseudopontiinae,,Pseudopontia,australis,,GVW-09-13384,Gabon
Pieridae,Pseudopontiinae,,Pseudopontia,paradoxa,,TBL-08-1005,Ghana
Pieridae,Pseudopontiinae,,Pseudopontia,paradoxa,,TBL-08-1003,Ivory Coast
Pieridae,Pseudopontiinae,,Pseudopontia,paradoxa,,TBL-08-1004,Ivory Coast
Pieridae,Pseudopontiinae,,Pseudopontia,paradoxa,,SS-08-GH06,Ghana
Pieridae,Pseudopontiinae,,Pseudopontia,paradoxa,,SC-08-SL01,Sierra Leone
Pieridae,Pseudopontiinae,,Pseudopontia,paradoxa,,SC-08-SL02,Sierra Leone
Pieridae,Pseudopontiinae,,Pseudopontia,paradoxa,,SS-08-SL03,Sierra Leone
Pieridae,Pseudopontiinae,,Pseudopontia,paradoxa,,SS-08-SL04,Sierra Leone
Pieridae,Pseudopontiinae,,Pseudopontia,paradoxa,,SS-08-SL05,Sierra Leone
Pieridae,Pseudopontiinae,,Pseudopontia,paradoxa,,SC-08-UG07,Uganda
Pieridae,Pseudopontiinae,,Pseudopontia,paradoxa,paradoxa,AV-92-0001,Cameroon
Pieridae,Pseudopontiinae,,Pseudopontia,paradoxa,paradoxa,AV-92-0002,Cameroon
Pieridae,Pseudopontiinae,,Pseudopontia,paradoxa,paradoxa,SC-08-cam,Cameroon
Pieridae,Pseudopontiinae,,Pseudopontia,paradoxa,paradoxa,DK-04-5001,Nigeria
Pieridae,Pseudopontiinae,,Pseudopontia,paradoxa,paradoxa,DK-04-5002,Nigeria
Pieridae,Pseudopontiinae,,Pseudopontia,paradoxa,paradoxa,GVW-09-14634,Gabon
Pieridae,Pseudopontiinae,,Pseudopontia,paradoxa,paradoxa,GVW-09-12558,Gabon
Pieridae,Pseudopontiinae,,Pseudopontia,paradoxa,paradoxa,GVW-09-9975,Gabon
Pieridae,Pseudopontiinae,,Pseudopontia,zambesi,,SC-01-T383,Zambia
Pieridae,Pseudopontiinae,,Pseudopontia,zambesi,,SC-01-T384,Zambia
Pieridae,Pseudopontiinae,,Pseudopontia,zambesi,,SC-01-T385,Zambia
Pieridae,Pseudopontiinae,,Pseudopontia,zambesi,,SC-01-T386,Zambia
Pieridae,Pseudopontiinae,,Pseudopontia,zambesi,,SC-01-T387,Zambia
Pieridae,Pseudopontiinae,,Pseudopontia,zambesi,,SC-01-T388,Zambia
Pieridae,Pseudopontiinae,,Pseudopontia,zambesi,,SC-01-T389,Zambia
Pieridae,Pseudopontiinae,,Pseudopontia,zambesi,,SC-01-T391,Zambia
Pieridae,Pseudopontiinae,,Pseudopontia,zambesi,,SC-01-T392,Zambia
Pieridae,Pseudopontiinae,,Pseudopontia,zambesi,,SC-01-T393,Zambia
Pieridae,Pseudopontiinae,,Pseudopontia,zambesi,,SC-01-T394,Zambia
Pieridae,Pseudopontiinae,,Pseudopontia,zambesi,,SC-01-T395,Zambia
Pieridae,Pseudopontiinae,,Pseudopontia,zambesi,,SC-01-T396,Zambia
Pieridae,Pseudopontiinae,,Pseudopontia ,australis,,JDP-08-8164,Congo
Pieridae,Pseudopontiinae,,Pseudopontia ,australis,,JDP-08-8165,Congo
Pieridae,Pseudopontiinae,,Pseudopontia ,australis,,JDP-08-8166,Congo
Pieridae,Pseudopontiinae,,Pseudopontia ,australis,,JDP-08-8167,Congo
Pieridae,Pseudopontiinae,,Pseudopontia ,australis,,JDP-08-8168,Congo
Pieridae,Pseudopontiinae,,Pseudopontia ,australis,,JDP-08-8169,Congo
Pieridae,Pseudopontiinae,,Pseudopontia ,australis,,JDP-08-8170,Congo
Pieridae,Pseudopontiinae,,Pseudopontia ,australis,,JDP-08-8171,Congo
Pieridae,Pseudopontiinae,,Pseudopontia ,australis,,JDP-08-8172,Congo
Pieridae,Pseudopontiinae,,Pseudopontia ,australis,,JDP-08-8173,Congo
Pieridae,Pseudopontiinae,,Pseudopontia ,australis,,JDP-08-8174,Congo
